index,cost,color,version,height
0,0.0,red,1,12
6,0.7142857142857142,yellow,6,18
3,0.0,red,1,15
9,1.0,red,8,21
2,0.0,blue,3,14
5,0.7142857142857142,orange,5,17
1,0.0,green,2,13
7,1.0,green,2,19
