index,component_1,component_2
0,-5.609747041180636,0.23054565850555758
6,3.553352356583981,-1.0444282684859112
3,-3.733381263306302,0.7472863701514572
9,7.593865271264695,-1.4510696969533186
2,-3.4929300881731766,-1.2009968263356743
5,2.494943880080251,-0.3286570260652952
1,-4.5513385646769065,-0.4852255839150583
7,3.745235449408094,3.532545373098243
